participant_id,theme,n_sentences,n_participants,mean_score,median_score,std_score,pct_positive,pct_neutral,pct_negative
9772KI,Algorithms,1.0,1.0,0.8591,0.8591,,100.0,0.0,0.0
2MDJD4,Algorithms,3.0,1.0,0.8568000000000001,0.899,0.13128914654304064,100.0,0.0,0.0
9SZ2DJ,Algorithms,5.0,1.0,0.85114,0.8994,0.1416907830453343,100.0,0.0,0.0
IOEYMP,Algorithms,2.0,1.0,0.8278000000000001,0.8278000000000001,0.09885352800987937,100.0,0.0,0.0
06ECDB,Algorithms,3.0,1.0,0.8113333333333334,0.8055,0.05657599608785809,100.0,0.0,0.0
NX3IYL,Algorithms,2.0,1.0,0.7959,0.7959,0.0342239682094289,100.0,0.0,0.0
Y1I6D6,Algorithms,2.0,1.0,0.7263,0.7263,0.16107892475429544,100.0,0.0,0.0
6R5ITB,Algorithms,8.0,1.0,0.6550875,0.69095,0.24891561069969073,100.0,0.0,0.0
VD1PLG,Algorithms,7.0,1.0,0.6286285714285714,0.624,0.16908073726562028,100.0,0.0,0.0
1JVZTM,Algorithms,3.0,1.0,0.5865666666666667,0.4436,0.3216356997183822,100.0,0.0,0.0
IIW3F8,Algorithms,7.0,1.0,0.5522285714285714,0.6369,0.324374930773458,85.71428571428571,14.285714285714285,0.0
OA8J4N,Algorithms,4.0,1.0,0.54525,0.5064500000000001,0.18742149467621547,100.0,0.0,0.0
PYIPEW,Algorithms,4.0,1.0,0.5408000000000001,0.63375,0.4124990909080891,75.0,25.0,0.0
Z01ABO,Algorithms,3.0,1.0,0.5407333333333334,0.6124,0.15653042302802778,100.0,0.0,0.0
IAFS52,Algorithms,8.0,1.0,0.5360499999999999,0.6368499999999999,0.29310635319916606,87.5,12.5,0.0
YP35AR,Algorithms,11.0,1.0,0.5172818181818182,0.5704,0.3080256606783981,81.81818181818183,18.181818181818183,0.0
XWM6DC,Algorithms,5.0,1.0,0.51646,0.4201,0.21503663176305562,100.0,0.0,0.0
V6UZPS,Algorithms,16.0,1.0,0.50425625,0.6423,0.28754278746823053,81.25,18.75,0.0
X6YZK0,Algorithms,12.0,1.0,0.49952500000000005,0.59165,0.31849214097625134,83.33333333333334,16.666666666666664,0.0
W5T7LB,Algorithms,9.0,1.0,0.49356666666666665,0.4939,0.4826193997344077,77.77777777777779,11.11111111111111,11.11111111111111
1ZWUFF,Algorithms,2.0,1.0,0.48030000000000006,0.48030000000000006,0.16843283527863565,100.0,0.0,0.0
L0CULX,Algorithms,5.0,1.0,0.45906,0.4173,0.31686716933125153,80.0,20.0,0.0
WOGMXV,Algorithms,24.0,1.0,0.4473125,0.5023,0.30732703769409236,83.33333333333334,12.5,4.166666666666666
62U759,Algorithms,10.0,1.0,0.42593000000000003,0.45930000000000004,0.2619024247904382,80.0,20.0,0.0
79TSTS,Algorithms,4.0,1.0,0.42355,0.4404,0.04193721497667673,100.0,0.0,0.0
MH2DWX,Algorithms,12.0,1.0,0.41596666666666676,0.3612,0.3412771929447417,83.33333333333334,8.333333333333332,8.333333333333332
7D8BPD,Algorithms,2.0,1.0,0.4158,0.4158,0.588029999234733,50.0,50.0,0.0
R5EXRJ,Algorithms,18.0,1.0,0.4104833333333333,0.411,0.30745927181259214,83.33333333333334,11.11111111111111,5.555555555555555
Y9N2G1,Algorithms,4.0,1.0,0.4049,0.42755,0.31785052042325385,75.0,25.0,0.0
WXA3LM,Algorithms,22.0,1.0,0.4030863636363637,0.3612,0.44151571001058065,72.72727272727273,22.727272727272727,4.545454545454546
4TPXHQ,Algorithms,6.0,1.0,0.39776666666666666,0.42050000000000004,0.35784003502496287,66.66666666666666,33.33333333333333,0.0
33BW0G,Algorithms,3.0,1.0,0.3835,0.3999,0.3755686488513119,66.66666666666666,33.33333333333333,0.0
XV0S8C,Algorithms,5.0,1.0,0.38326000000000005,0.6124,0.4270676152554769,80.0,0.0,20.0
J0QRGC,Algorithms,5.0,1.0,0.37426,0.5023,0.3497425739025777,60.0,40.0,0.0
XRONEG,Algorithms,4.0,1.0,0.368225,0.36345,0.5456042483644471,50.0,25.0,25.0
V4HSKU,Algorithms,12.0,1.0,0.35993333333333327,0.48335,0.43165746170131736,83.33333333333334,8.333333333333332,8.333333333333332
JAC6MU,Algorithms,9.0,1.0,0.3484111111111111,0.6949,0.6228132012177576,66.66666666666666,11.11111111111111,22.22222222222222
J4J4VY,Algorithms,9.0,1.0,0.33941111111111116,0.3612,0.2183738162214305,77.77777777777779,22.22222222222222,0.0
V47GRV,Algorithms,11.0,1.0,0.3350545454545455,0.3612,0.3002257029757325,63.63636363636363,36.36363636363637,0.0
6759KU,Algorithms,4.0,1.0,0.33265,0.3286,0.2762395759722588,75.0,25.0,0.0
5F2WAZ,Algorithms,3.0,1.0,0.31046666666666667,0.8885,1.0130708086473192,66.66666666666666,0.0,33.33333333333333
PUN5JW,Algorithms,2.0,1.0,0.3062,0.3062,0.43303219279864175,50.0,50.0,0.0
QNJQ2F,Algorithms,2.0,1.0,0.28595,0.28595,0.4043943681605865,50.0,50.0,0.0
0M3LDX,Algorithms,26.0,1.0,0.27686923076923076,0.31720000000000004,0.3426961333534194,61.53846153846154,23.076923076923077,15.384615384615385
PF65TG,Algorithms,4.0,1.0,0.275825,0.2997,0.603460953583577,50.0,25.0,25.0
TU93WC,Algorithms,7.0,1.0,0.27447142857142853,0.3612,0.437278045467205,57.14285714285714,28.57142857142857,14.285714285714285
B4A6KD,Algorithms,11.0,1.0,0.26642727272727273,0.1002,0.3717967673095319,54.54545454545454,36.36363636363637,9.090909090909092
V1B21E,Algorithms,21.0,1.0,0.25939999999999996,0.3041,0.3833816336237301,52.38095238095239,33.33333333333333,14.285714285714285
IF5UTV,Algorithms,5.0,1.0,0.24500000000000002,0.0534,0.6935982158281551,60.0,20.0,20.0
OSF8B7,Algorithms,16.0,1.0,0.21755000000000002,0.3612,0.26324677142686226,62.5,25.0,12.5
X1QQ4F,Algorithms,9.0,1.0,0.19711111111111113,0.0,0.26936128361572514,44.44444444444444,44.44444444444444,11.11111111111111
1MM3K9,Algorithms,6.0,1.0,0.19431666666666667,0.0,0.332100505369484,33.33333333333333,66.66666666666666,0.0
7V6SPY,Algorithms,11.0,1.0,0.15497272727272726,0.1154,0.43231133940924815,54.54545454545454,27.27272727272727,18.181818181818183
IQLWA6,Algorithms,5.0,1.0,0.06254,0.0,0.3060628987642899,20.0,60.0,20.0
Q71QCH,Algorithms,1.0,1.0,0.0,0.0,,0.0,100.0,0.0
7D8BPD,Computer Music,4.0,1.0,0.8465499999999999,0.86015,0.03625267806199516,100.0,0.0,0.0
V47GRV,Computer Music,1.0,1.0,0.7506,0.7506,,100.0,0.0,0.0
5F2WAZ,Computer Music,4.0,1.0,0.742325,0.83445,0.2514922049819172,100.0,0.0,0.0
JBNB4U,Computer Music,4.0,1.0,0.7366250000000001,0.7559,0.12123232173530839,100.0,0.0,0.0
V6UZPS,Computer Music,2.0,1.0,0.7334499999999999,0.7334499999999999,0.08902474375138635,100.0,0.0,0.0
1JVZTM,Computer Music,1.0,1.0,0.7203,0.7203,,100.0,0.0,0.0
6759KU,Computer Music,4.0,1.0,0.6775,0.6925,0.22306202425932273,100.0,0.0,0.0
62U759,Computer Music,11.0,1.0,0.6757272727272728,0.7003,0.2015180542329103,100.0,0.0,0.0
WOGMXV,Computer Music,2.0,1.0,0.65665,0.65665,0.02793071785686861,100.0,0.0,0.0
Z01ABO,Computer Music,2.0,1.0,0.6259,0.6259,0.18667619023324855,100.0,0.0,0.0
2KDZ22,Computer Music,1.0,1.0,0.6124,0.6124,,100.0,0.0,0.0
PUN5JW,Computer Music,1.0,1.0,0.6124,0.6124,,100.0,0.0,0.0
33BW0G,Computer Music,8.0,1.0,0.5950124999999999,0.6884,0.3466510243437504,87.5,12.5,0.0
OA8J4N,Computer Music,3.0,1.0,0.5942,0.529,0.11492732486227981,100.0,0.0,0.0
P7TX2P,Computer Music,5.0,1.0,0.58602,0.5719,0.23239196844985843,100.0,0.0,0.0
L0CULX,Computer Music,4.0,1.0,0.56415,0.68405,0.4156466006918217,75.0,25.0,0.0
X6YZK0,Computer Music,6.0,1.0,0.55295,0.65815,0.2734322128060262,100.0,0.0,0.0
J0QRGC,Computer Music,4.0,1.0,0.547925,0.51695,0.19735398610956234,100.0,0.0,0.0
IQLWA6,Computer Music,5.0,1.0,0.5180400000000001,0.7579,0.5507371360277061,80.0,0.0,20.0
IAFS52,Computer Music,5.0,1.0,0.5153000000000001,0.7351,0.47455040301321,80.0,0.0,20.0
6R5ITB,Computer Music,8.0,1.0,0.5139,0.4895,0.32324046776355214,87.5,12.5,0.0
TU93WC,Computer Music,11.0,1.0,0.5113454545454545,0.6124,0.319680106868214,81.81818181818183,18.181818181818183,0.0
2IR3MC,Computer Music,7.0,1.0,0.49425714285714284,0.7178,0.46741991419972273,85.71428571428571,0.0,14.285714285714285
PF65TG,Computer Music,8.0,1.0,0.493325,0.60595,0.44018192261836475,75.0,12.5,12.5
Y1I6D6,Computer Music,2.0,1.0,0.48495,0.48495,0.38671669863092284,100.0,0.0,0.0
KI6KAH,Computer Music,18.0,1.0,0.48103888888888885,0.45625000000000004,0.2802873633358301,88.88888888888889,11.11111111111111,0.0
9772KI,Computer Music,4.0,1.0,0.47755000000000003,0.56925,0.35397149131909855,75.0,25.0,0.0
PYIPEW,Computer Music,10.0,1.0,0.45381,0.52545,0.45794563833130525,80.0,10.0,10.0
W5T7LB,Computer Music,7.0,1.0,0.44731428571428566,0.4939,0.5200285614866791,71.42857142857143,14.285714285714285,14.285714285714285
YP35AR,Computer Music,6.0,1.0,0.4422333333333333,0.52695,0.3555195447041789,83.33333333333334,0.0,16.666666666666664
1ZWUFF,Computer Music,3.0,1.0,0.43019999999999997,0.3612,0.4685262425947985,66.66666666666666,33.33333333333333,0.0
XRONEG,Computer Music,8.0,1.0,0.4287125,0.58115,0.42364459982901437,75.0,12.5,12.5
JAC6MU,Computer Music,7.0,1.0,0.42795714285714287,0.5994,0.35441387697221477,85.71428571428571,0.0,14.285714285714285
06ECDB,Computer Music,2.0,1.0,0.42755,0.42755,0.09383306986345484,100.0,0.0,0.0
IOEYMP,Computer Music,8.0,1.0,0.422925,0.49350000000000005,0.39565175073180564,87.5,0.0,12.5
XV0S8C,Computer Music,9.0,1.0,0.41867777777777776,0.4588,0.3922937285306055,77.77777777777779,11.11111111111111,11.11111111111111
35A4QY,Computer Music,15.0,1.0,0.36084666666666665,0.4779,0.367147105330249,60.0,33.33333333333333,6.666666666666667
R5EXRJ,Computer Music,10.0,1.0,0.36052,0.38155,0.24291242500584903,90.0,0.0,10.0
NX3IYL,Computer Music,6.0,1.0,0.35033333333333333,0.4967,0.42715600272812115,66.66666666666666,16.666666666666664,16.666666666666664
Q71QCH,Computer Music,9.0,1.0,0.32972222222222225,0.3976,0.4715710014880521,88.88888888888889,0.0,11.11111111111111
IF5UTV,Computer Music,13.0,1.0,0.32803076923076924,0.3612,0.43221926415615985,61.53846153846154,23.076923076923077,15.384615384615385
0M3LDX,Computer Music,11.0,1.0,0.32076363636363636,0.3612,0.3471032563164087,72.72727272727273,9.090909090909092,18.181818181818183
382LOS,Computer Music,12.0,1.0,0.31622500000000003,0.3612,0.2846644120714776,75.0,16.666666666666664,8.333333333333332
P7WEZC,Computer Music,4.0,1.0,0.297725,0.27115,0.3465114464198838,50.0,50.0,0.0
QNJQ2F,Computer Music,2.0,1.0,0.28595,0.28595,0.4043943681605865,50.0,50.0,0.0
X8MNUK,Computer Music,9.0,1.0,0.2768777777777778,0.3612,0.317668478046602,77.77777777777779,11.11111111111111,11.11111111111111
J4J4VY,Computer Music,7.0,1.0,0.2563714285714286,0.4201,0.4597046070187743,57.14285714285714,28.57142857142857,14.285714285714285
X1QQ4F,Computer Music,2.0,1.0,0.2359,0.2359,0.4145059951315542,50.0,0.0,50.0
V1B21E,Computer Music,12.0,1.0,0.21165833333333336,0.15205,0.3553507267688523,50.0,33.33333333333333,16.666666666666664
VD1PLG,Computer Music,10.0,1.0,0.19714000000000004,0.20934999999999998,0.43574326590066514,60.0,20.0,20.0
2MDJD4,Computer Music,9.0,1.0,0.1907333333333333,0.1002,0.5916477457068522,55.55555555555556,0.0,44.44444444444444
XWM6DC,Computer Music,5.0,1.0,0.14135999999999999,0.0,0.31970044260213343,40.0,40.0,20.0
4TPXHQ,Computer Music,3.0,1.0,0.13059999999999997,0.0,0.4139510961454263,33.33333333333333,33.33333333333333,33.33333333333333
1MM3K9,Computer Music,8.0,1.0,0.11582500000000001,0.0,0.4047096904837202,25.0,62.5,12.5
Y9N2G1,Computer Music,2.0,1.0,0.09994999999999998,0.09994999999999998,0.5309664819929786,50.0,0.0,50.0
79TSTS,Computer Music,2.0,1.0,0.064,0.064,0.09050966799187808,50.0,50.0,0.0
OSF8B7,Computer Music,4.0,1.0,-0.09945000000000001,-0.26275000000000004,0.3737038444187233,25.0,0.0,75.0
WXA3LM,Computer Music,2.0,1.0,-0.2551,-0.2551,0.8715798184905384,50.0,0.0,50.0
V4HSKU,Computer Music,1.0,1.0,-0.938,-0.938,,0.0,0.0,100.0
1JVZTM,Music Sharing,3.0,1.0,0.7414999999999999,0.6808,0.1678918401828987,100.0,0.0,0.0
WOGMXV,Music Sharing,25.0,1.0,0.682272,0.6948,0.25390034711805076,92.0,8.0,0.0
W5T7LB,Music Sharing,23.0,1.0,0.6742173913043478,0.8307,0.3909227448116408,91.30434782608695,0.0,8.695652173913043
Z01ABO,Music Sharing,10.0,1.0,0.6469699999999999,0.6466000000000001,0.23471944979296266,100.0,0.0,0.0
XV0S8C,Music Sharing,5.0,1.0,0.63106,0.836,0.3673588000851483,80.0,20.0,0.0
1ZDS4P,Music Sharing,6.0,1.0,0.6303333333333334,0.6124,0.16952363453709535,100.0,0.0,0.0
WXA3LM,Music Sharing,29.0,1.0,0.6131206896551724,0.7579,0.3605189012077991,93.10344827586206,3.4482758620689653,3.4482758620689653
XRONEG,Music Sharing,19.0,1.0,0.6081368421052632,0.7089,0.2855107591094449,89.47368421052632,10.526315789473683,0.0
6R5ITB,Music Sharing,14.0,1.0,0.6037928571428572,0.6124,0.31555785880365467,85.71428571428571,14.285714285714285,0.0
9SZ2DJ,Music Sharing,28.0,1.0,0.6016714285714285,0.70705,0.29848719664475826,92.85714285714286,7.142857142857142,0.0
PYIPEW,Music Sharing,19.0,1.0,0.5973210526315789,0.6808,0.2570944477963678,94.73684210526315,5.263157894736842,0.0
IOEYMP,Music Sharing,8.0,1.0,0.5814874999999999,0.6208,0.16592391059501596,100.0,0.0,0.0
2MDJD4,Music Sharing,9.0,1.0,0.5813444444444444,0.7579,0.3600786168016338,77.77777777777779,22.22222222222222,0.0
35A4QY,Music Sharing,19.0,1.0,0.5784368421052632,0.7184,0.3631417892818273,89.47368421052632,5.263157894736842,5.263157894736842
X6YZK0,Music Sharing,32.0,1.0,0.57641875,0.73115,0.3912889431819555,81.25,15.625,3.125
JAC6MU,Music Sharing,14.0,1.0,0.5760357142857143,0.6851,0.3379276381510894,85.71428571428571,7.142857142857142,7.142857142857142
IQLWA6,Music Sharing,7.0,1.0,0.5744999999999999,0.6705,0.1695023991963929,100.0,0.0,0.0
1MM3K9,Music Sharing,14.0,1.0,0.56605,0.6799999999999999,0.3431834735800393,85.71428571428571,14.285714285714285,0.0
OA8J4N,Music Sharing,13.0,1.0,0.5544692307692308,0.6124,0.3674645229692598,76.92307692307693,23.076923076923077,0.0
NX3IYL,Music Sharing,9.0,1.0,0.5510111111111111,0.5719,0.21906767472886346,100.0,0.0,0.0
62U759,Music Sharing,20.0,1.0,0.5500999999999999,0.6059000000000001,0.3019923264971444,85.0,15.0,0.0
X8MNUK,Music Sharing,15.0,1.0,0.5402666666666668,0.5023,0.25376179681703376,93.33333333333333,6.666666666666667,0.0
IIW3F8,Music Sharing,16.0,1.0,0.53811875,0.58565,0.24265659746165294,93.75,0.0,6.25
J4J4VY,Music Sharing,11.0,1.0,0.5362272727272727,0.4767,0.27250005537947725,90.9090909090909,9.090909090909092,0.0
J0QRGC,Music Sharing,2.0,1.0,0.53255,0.53255,0.30313667709467296,100.0,0.0,0.0
L0CULX,Music Sharing,18.0,1.0,0.5265,0.5298499999999999,0.37499801254375303,94.44444444444444,0.0,5.555555555555555
6759KU,Music Sharing,13.0,1.0,0.5222153846153845,0.5859,0.4135901490730363,84.61538461538461,7.6923076923076925,7.6923076923076925
V4HSKU,Music Sharing,23.0,1.0,0.5215130434782609,0.5196,0.3313384870550848,82.6086956521739,17.391304347826086,0.0
5F2WAZ,Music Sharing,16.0,1.0,0.49339999999999995,0.6379,0.46307209517885367,81.25,12.5,6.25
PJ3JKN,Music Sharing,9.0,1.0,0.46441111111111116,0.4019,0.36408534866307257,88.88888888888889,0.0,11.11111111111111
PF65TG,Music Sharing,11.0,1.0,0.4641727272727273,0.5729,0.42998399991373887,72.72727272727273,18.181818181818183,9.090909090909092
9772KI,Music Sharing,21.0,1.0,0.4626380952380953,0.4201,0.37953645473944986,85.71428571428571,9.523809523809524,4.761904761904762
YP35AR,Music Sharing,22.0,1.0,0.4504409090909091,0.61075,0.4924617380922587,77.27272727272727,9.090909090909092,13.636363636363635
Q71QCH,Music Sharing,11.0,1.0,0.4499909090909091,0.4215,0.3211306850942322,81.81818181818183,18.181818181818183,0.0
V1B21E,Music Sharing,27.0,1.0,0.44942592592592595,0.5499,0.3594402224748415,81.48148148148148,7.4074074074074066,11.11111111111111
VD1PLG,Music Sharing,66.0,1.0,0.4446969696969697,0.4909,0.3790365612443036,74.24242424242425,16.666666666666664,9.090909090909092
R5EXRJ,Music Sharing,57.0,1.0,0.44222982456140353,0.5859,0.3906102981072935,75.43859649122807,15.789473684210526,8.771929824561402
MH2DWX,Music Sharing,17.0,1.0,0.4347529411764706,0.5023,0.32927577560011734,76.47058823529412,17.647058823529413,5.88235294117647
B4A6KD,Music Sharing,33.0,1.0,0.4338242424242424,0.4767,0.3295099590967463,72.72727272727273,24.242424242424242,3.0303030303030303
IAFS52,Music Sharing,8.0,1.0,0.43337499999999995,0.6124,0.4520104194437494,75.0,12.5,12.5
TU93WC,Music Sharing,27.0,1.0,0.4234185185185186,0.4767,0.3310596332954545,74.07407407407408,22.22222222222222,3.7037037037037033
Y1I6D6,Music Sharing,17.0,1.0,0.4200705882352941,0.4404,0.433359003547731,76.47058823529412,17.647058823529413,5.88235294117647
KI6KAH,Music Sharing,35.0,1.0,0.4128657142857143,0.4215,0.3557535307938193,80.0,14.285714285714285,5.714285714285714
0M3LDX,Music Sharing,64.0,1.0,0.4047890625,0.3933,0.3371661797031474,70.3125,25.0,4.6875
OSF8B7,Music Sharing,12.0,1.0,0.4033500000000001,0.43174999999999997,0.27203627599006985,75.0,25.0,0.0
PUN5JW,Music Sharing,10.0,1.0,0.39819,0.5243,0.28757112530835066,70.0,30.0,0.0
Y9N2G1,Music Sharing,10.0,1.0,0.38867,0.41000000000000003,0.2549979653513599,90.0,0.0,10.0
IF5UTV,Music Sharing,16.0,1.0,0.37299375,0.6695500000000001,0.5498351710209767,62.5,6.25,31.25
X1QQ4F,Music Sharing,38.0,1.0,0.37225263157894734,0.3708,0.3280327000318488,78.94736842105263,15.789473684210526,5.263157894736842
V6UZPS,Music Sharing,12.0,1.0,0.364625,0.3612,0.26727139126907895,75.0,25.0,0.0
4TPXHQ,Music Sharing,8.0,1.0,0.36338750000000003,0.45855,0.254527098964222,75.0,25.0,0.0
P7WEZC,Music Sharing,11.0,1.0,0.36255454545454546,0.3612,0.26359244057308,72.72727272727273,27.27272727272727,0.0
7D8BPD,Music Sharing,7.0,1.0,0.3617,0.6124,0.46738337226164417,57.14285714285714,28.57142857142857,14.285714285714285
V47GRV,Music Sharing,14.0,1.0,0.3376571428571428,0.53705,0.4829697374088228,64.28571428571429,28.57142857142857,7.142857142857142
79TSTS,Music Sharing,8.0,1.0,0.3225125,0.3056,0.3154912561047793,62.5,37.5,0.0
7V6SPY,Music Sharing,11.0,1.0,0.3049272727272727,0.3566,0.2460717256854557,72.72727272727273,27.27272727272727,0.0
QNJQ2F,Music Sharing,18.0,1.0,0.30402222222222225,0.3612,0.36235733509983425,72.22222222222221,11.11111111111111,16.666666666666664
P7TX2P,Music Sharing,16.0,1.0,0.2774875,0.3612,0.27167641506026985,68.75,25.0,6.25
382LOS,Music Sharing,18.0,1.0,0.2727833333333333,0.29235,0.39511184306397573,55.55555555555556,33.33333333333333,11.11111111111111
XWM6DC,Music Sharing,11.0,1.0,0.2600272727272727,0.3612,0.32083273863778017,63.63636363636363,27.27272727272727,9.090909090909092
06ECDB,Music Sharing,7.0,1.0,0.23837142857142854,0.0,0.36664868613922375,42.857142857142854,42.857142857142854,14.285714285714285
1ZWUFF,Music Sharing,4.0,1.0,0.2327,0.31720000000000004,0.3612369397869861,75.0,0.0,25.0
JBNB4U,Music Sharing,9.0,1.0,0.1554,0.0,0.3927891673659038,33.33333333333333,44.44444444444444,22.22222222222222
6759KU,Peer Music,1.0,1.0,0.9632,0.9632,,100.0,0.0,0.0
W5T7LB,Peer Music,3.0,1.0,0.9527,0.9459,0.014545446022724817,100.0,0.0,0.0
Z01ABO,Peer Music,4.0,1.0,0.909575,0.9152,0.02235656130386187,100.0,0.0,0.0
7D8BPD,Peer Music,4.0,1.0,0.7471499999999999,0.7406999999999999,0.07291760189876421,100.0,0.0,0.0
35A4QY,Peer Music,9.0,1.0,0.7152999999999999,0.7906,0.22298257218894935,100.0,0.0,0.0
2KDZ22,Peer Music,5.0,1.0,0.70204,0.7579,0.167486127783766,100.0,0.0,0.0
OA8J4N,Peer Music,2.0,1.0,0.6804,0.6804,0.06151828996322961,100.0,0.0,0.0
PUN5JW,Peer Music,1.0,1.0,0.6801,0.6801,,100.0,0.0,0.0
V47GRV,Peer Music,4.0,1.0,0.678375,0.6977,0.16922132204108717,100.0,0.0,0.0
PF65TG,Peer Music,3.0,1.0,0.6707666666666667,0.7579,0.2764962266168081,100.0,0.0,0.0
IQLWA6,Peer Music,11.0,1.0,0.6697181818181819,0.7096,0.18659974714978483,100.0,0.0,0.0
V1B21E,Peer Music,10.0,1.0,0.6314599999999999,0.70245,0.3134978015163034,90.0,10.0,0.0
IOEYMP,Peer Music,10.0,1.0,0.62251,0.60635,0.19448304953274348,100.0,0.0,0.0
9772KI,Peer Music,4.0,1.0,0.6053999999999999,0.5978,0.1259172214856517,100.0,0.0,0.0
XRONEG,Peer Music,10.0,1.0,0.5996300000000001,0.6414500000000001,0.2726272385918586,90.0,10.0,0.0
XV0S8C,Peer Music,11.0,1.0,0.5988181818181819,0.6124,0.20847837690360993,100.0,0.0,0.0
YP35AR,Peer Music,8.0,1.0,0.5918125000000001,0.5615000000000001,0.2795960015936259,100.0,0.0,0.0
J4J4VY,Peer Music,12.0,1.0,0.5572583333333334,0.6124,0.23829786348690635,91.66666666666666,8.333333333333332,0.0
WOGMXV,Peer Music,8.0,1.0,0.5482374999999999,0.61725,0.23390377714839433,100.0,0.0,0.0
5F2WAZ,Peer Music,8.0,1.0,0.5410125,0.6124,0.29719588267432545,87.5,12.5,0.0
1ZWUFF,Peer Music,4.0,1.0,0.532225,0.55735,0.2993298334056709,100.0,0.0,0.0
J0QRGC,Peer Music,6.0,1.0,0.51905,0.47585,0.349241788736686,83.33333333333334,16.666666666666664,0.0
2IR3MC,Peer Music,12.0,1.0,0.5159250000000001,0.5971500000000001,0.30339545188956396,83.33333333333334,16.666666666666664,0.0
2MDJD4,Peer Music,5.0,1.0,0.48944,0.4963,0.37832031798464116,80.0,20.0,0.0
JBNB4U,Peer Music,13.0,1.0,0.4883384615384616,0.3804,0.3344235077922941,84.61538461538461,7.6923076923076925,7.6923076923076925
62U759,Peer Music,17.0,1.0,0.486764705882353,0.4939,0.35672921092401527,82.35294117647058,17.647058823529413,0.0
V6UZPS,Peer Music,4.0,1.0,0.48127499999999995,0.4961,0.1931892573790444,100.0,0.0,0.0
TU93WC,Peer Music,8.0,1.0,0.473425,0.6145,0.41540585232138605,75.0,12.5,12.5
79TSTS,Peer Music,5.0,1.0,0.47212000000000004,0.4927,0.06146716196474342,100.0,0.0,0.0
V4HSKU,Peer Music,5.0,1.0,0.47206000000000004,0.5196,0.4619180641628989,60.0,40.0,0.0
6R5ITB,Peer Music,17.0,1.0,0.45679411764705885,0.4601,0.3233083038498011,76.47058823529412,23.52941176470588,0.0
X1QQ4F,Peer Music,6.0,1.0,0.4381,0.44465,0.255608106287731,83.33333333333334,16.666666666666664,0.0
VD1PLG,Peer Music,9.0,1.0,0.43372222222222223,0.5023,0.3864840998598059,77.77777777777779,0.0,22.22222222222222
IF5UTV,Peer Music,16.0,1.0,0.4301875,0.44635,0.3352349939470321,81.25,12.5,6.25
P7WEZC,Peer Music,2.0,1.0,0.42765,0.42765,0.3359464317417287,100.0,0.0,0.0
0M3LDX,Peer Music,10.0,1.0,0.41920999999999997,0.49905,0.33855596107257924,70.0,30.0,0.0
L0CULX,Peer Music,9.0,1.0,0.40418888888888893,0.5574,0.41664266897559965,77.77777777777779,11.11111111111111,11.11111111111111
KI6KAH,Peer Music,23.0,1.0,0.39280869565217397,0.5023,0.40219191022224865,78.26086956521739,13.043478260869565,8.695652173913043
4TPXHQ,Peer Music,12.0,1.0,0.3881833333333334,0.3722,0.34458691167391964,66.66666666666666,33.33333333333333,0.0
X8MNUK,Peer Music,8.0,1.0,0.38698750000000004,0.47209999999999996,0.32777216580815927,75.0,12.5,12.5
OSF8B7,Peer Music,7.0,1.0,0.3573857142857143,0.3612,0.3193777618462262,71.42857142857143,28.57142857142857,0.0
Y9N2G1,Peer Music,6.0,1.0,0.35128333333333334,0.4244,0.36592618062481763,66.66666666666666,16.666666666666664,16.666666666666664
382LOS,Peer Music,17.0,1.0,0.2669470588235294,0.0,0.3914044122094931,47.05882352941176,41.17647058823529,11.76470588235294
WXA3LM,Peer Music,3.0,1.0,0.2515,0.6486,0.7843601277474525,66.66666666666666,0.0,33.33333333333333
06ECDB,Peer Music,5.0,1.0,0.20929999999999999,0.3818,0.39736329095677675,60.0,20.0,20.0
XWM6DC,Peer Music,4.0,1.0,0.1767,0.1806,0.35770340600372635,50.0,25.0,25.0
JAC6MU,Peer Music,8.0,1.0,0.17609999999999998,0.0,0.4032018105118081,37.5,50.0,12.5
IAFS52,Peer Music,4.0,1.0,0.1746,0.1806,0.21568977722646013,50.0,50.0,0.0
Y1I6D6,Peer Music,9.0,1.0,-0.05147777777777777,0.0,0.35984872786275685,22.22222222222222,33.33333333333333,44.44444444444444
QNJQ2F,Peer Music,2.0,1.0,-0.13775,-0.13775,0.19480791821689386,0.0,50.0,50.0
X6YZK0,Peer Music,1.0,1.0,-0.7364,-0.7364,,0.0,0.0,100.0
1JVZTM,Peer Music,1.0,1.0,-0.7536,-0.7536,,0.0,0.0,100.0
